# Generated from assets/fonts/lucide.ttf (best cmap, PUA only)
a-arrow-down	E585
a-arrow-up	E586
a-large-small	E587
accessibility	E297
activity	E038
activity-square	E4B4
air-vent	E34D
airplay	E039
alarm-check	E1EC
alarm-clock	E03A
alarm-clock-minus	E1ED
alarm-clock-off	E23B
alarm-clock-plus	E1EE
alarm-smoke	E57B
album	E03B
alert-circle	E077
alert-octagon	E127
alert-triangle	E193
align-center	E182
align-center-horizontal	E26C
align-center-vertical	E26D
align-end-horizontal	E26E
align-end-vertical	E26F
align-horizontal-distribute-center	E03C
align-horizontal-distribute-end	E03D
align-horizontal-distribute-start	E03E
align-horizontal-justify-center	E272
align-horizontal-justify-end	E273
align-horizontal-justify-start	E274
align-horizontal-space-around	E275
align-horizontal-space-between	E276
align-justify	E184
align-left	E185
align-right	E183
align-start-horizontal	E270
align-start-vertical	E271
align-vertical-distribute-center	E27E
align-vertical-distribute-end	E27F
align-vertical-distribute-start	E280
align-vertical-justify-center	E277
align-vertical-justify-end	E278
align-vertical-justify-start	E279
align-vertical-space-around	E27A
align-vertical-space-between	E27B
ambulance	E5BB
ampersand	E49C
ampersands	E49D
amphora	E61B
anchor	E03F
angry	E2FC
annoyed	E2FD
antenna	E4E2
anvil	E580
aperture	E040
app-window	E426
app-window-mac	E5D2
apple	E34E
archive	E041
archive-restore	E2CD
archive-x	E50C
area-chart	E4D3
armchair	E2C0
arrow-big-down	E1E1
arrow-big-down-dash	E41D
arrow-big-left	E1E2
arrow-big-left-dash	E41E
arrow-big-right	E1E3
arrow-big-right-dash	E41F
arrow-big-up	E1E4
arrow-big-up-dash	E420
arrow-down	E042
arrow-down-0-1	E413
arrow-down-1-0	E414
arrow-down-a-z	E415
arrow-down-circle	E078
arrow-down-from-line	E454
arrow-down-left	E043
arrow-down-left-from-circle	E3F7
arrow-down-left-from-square	E5A1
arrow-down-left-square	E4B5
arrow-down-narrow-wide	E044
arrow-down-right	E045
arrow-down-right-from-circle	E3F8
arrow-down-right-from-square	E5A2
arrow-down-right-square	E4B6
arrow-down-square	E427
arrow-down-to-dot	E44D
arrow-down-to-line	E455
arrow-down-up	E046
arrow-down-wide-narrow	E047
arrow-down-z-a	E416
arrow-left	E048
arrow-left-circle	E079
arrow-left-from-line	E456
arrow-left-right	E24A
arrow-left-square	E428
arrow-left-to-line	E457
arrow-right	E049
arrow-right-circle	E07A
arrow-right-from-line	E458
arrow-right-left	E417
arrow-right-square	E429
arrow-right-to-line	E459
arrow-up	E04A
arrow-up-0-1	E418
arrow-up-1-0	E419
arrow-up-a-z	E41A
arrow-up-circle	E07B
arrow-up-down	E37D
arrow-up-from-dot	E44E
arrow-up-from-line	E45A
arrow-up-left	E04B
arrow-up-left-from-circle	E3F9
arrow-up-left-from-square	E5A3
arrow-up-left-square	E4B7
arrow-up-narrow-wide	E04C
arrow-up-right	E04D
arrow-up-right-from-circle	E3FA
arrow-up-right-from-square	E5A4
arrow-up-right-square	E4B8
arrow-up-square	E42A
arrow-up-to-line	E45B
arrow-up-wide-narrow	E41B
arrow-up-z-a	E41C
arrows-up-from-line	E4D4
asterisk	E1EF
asterisk-square	E168
at-sign	E04E
atom	E3D7
audio-lines	E55A
audio-waveform	E55B
award	E04F
axe	E050
axis-3-d	E2FE
baby	E2CE
backpack	E2C8
badge	E474
badge-alert	E475
badge-cent	E50F
badge-check	E241
badge-dollar-sign	E476
badge-euro	E510
badge-help	E47B
badge-indian-rupee	E511
badge-info	E477
badge-japanese-yen	E512
badge-minus	E478
badge-percent	E479
badge-plus	E47A
badge-pound-sterling	E513
badge-russian-ruble	E514
badge-swiss-franc	E515
badge-turkish-lira	E67E
badge-x	E47C
baggage-claim	E2C9
balloon	E6AF
ban	E051
banana	E34F
bandage	E61D
banknote	E052
banknote-arrow-down	E64C
banknote-arrow-up	E64D
banknote-x	E64E
bar-chart	E06A
bar-chart-2	E068
bar-chart-3	E2A3
bar-chart-4	E2A4
bar-chart-big	E4A9
bar-chart-horizontal	E2A2
bar-chart-horizontal-big	E4A7
barcode	E533
barrel	E675
baseline	E285
bath	E2AB
battery	E053
battery-charging	E054
battery-full	E055
battery-low	E056
battery-medium	E057
battery-plus	E63E
battery-warning	E3AC
beaker	E058
bean	E38F
bean-off	E390
bed	E2C1
bed-double	E2C2
bed-single	E2C3
beef	E3A5
beer	E2CF
beer-off	E5D9
bell	E059
bell-dot	E42B
bell-electric	E57C
bell-minus	E1F0
bell-off	E05A
bell-plus	E1F1
bell-ring	E224
between-horizonal-end	E591
between-horizonal-start	E592
between-vertical-end	E593
between-vertical-start	E594
biceps-flexed	E5EB
bike	E1D2
binary	E1F2
binoculars	E621
biohazard	E441
bird	E3C5
birdhouse	E69A
bitcoin	E05B
blend	E59C
blinds	E3C0
blocks	E4FA
bluetooth	E05C
bluetooth-connected	E1B8
bluetooth-off	E1B9
bluetooth-searching	E1BA
bold	E05D
bolt	E58C
bomb	E2FF
bone	E358
book	E05E
book-a	E544
book-alert	E672
book-audio	E545
book-check	E546
book-copy	E3EC
book-dashed	E3ED
book-down	E3EE
book-headphones	E547
book-heart	E548
book-image	E549
book-key	E3EF
book-lock	E3F0
book-marked	E3F1
book-minus	E3F2
book-open	E05F
book-open-check	E381
book-open-text	E54A
book-plus	E3F3
book-search	E6AB
book-text	E54B
book-type	E54C
book-up	E3F4
book-up-2	E4A6
book-user	E54D
book-x	E3F5
bookmark	E060
bookmark-check	E51F
bookmark-minus	E23C
bookmark-plus	E23D
bookmark-x	E520
boom-box	E4EE
bot	E1BB
bot-message-square	E5CE
bot-off	E5E0
bottle-wine	E67B
bow-arrow	E65E
box	E061
box-select	E1CB
boxes	E2D0
braces	E36A
brackets	E443
brain	E3C6
brain-circuit	E3C7
brain-cog	E3C8
brick-wall	E581
brick-wall-fire	E653
brick-wall-shield	E690
briefcase	E062
briefcase-business	E5D5
briefcase-conveyor-belt	E62B
briefcase-medical	E5D6
bring-to-front	E4EF
brush	E1D3
brush-cleaning	E666
bubbles	E654
bug	E20C
bug-off	E50D
bug-play	E50E
building	E1CC
building-2	E290
bus	E1D4
bus-front	E4FB
cable	E4E3
cable-car	E4FC
cake	E344
cake-slice	E4B9
calculator	E1BC
calendar	E063
calendar-1	E630
calendar-arrow-down	E5FE
calendar-arrow-up	E5FF
calendar-check	E2B7
calendar-check-2	E2B8
calendar-clock	E304
calendar-cog	E5ED
calendar-days	E2B9
calendar-fold	E5B4
calendar-heart	E305
calendar-minus	E2BA
calendar-minus-2	E5B5
calendar-off	E2BB
calendar-plus	E2BC
calendar-plus-2	E5B6
calendar-range	E2BD
calendar-search	E306
calendar-sync	E636
calendar-x	E2BE
calendar-x-2	E2BF
calendars	E6A7
camera	E064
camera-off	E065
candlestick-chart	E4A8
candy	E391
candy-cane	E4BA
candy-off	E392
cannabis	E5D4
captions	E3A4
captions-off	E5C1
car	E1D5
car-front	E4FD
car-taxi-front	E4FE
caravan	E539
card-sim	E671
carrot	E25A
case-lower	E3D8
case-sensitive	E3D9
case-upper	E3DA
cassette-tape	E4CA
cast	E066
castle	E3E0
cat	E38C
cctv	E57D
chart-bar-decreasing	E607
chart-bar-increasing	E608
chart-bar-stacked	E609
chart-column-decreasing	E067
chart-column-stacked	E60A
chart-gantt	E624
chart-line	E2A5
chart-network	E60B
chart-no-axes-column-decreasing	E069
chart-no-axes-combined	E60C
chart-no-axes-gantt	E4C4
chart-pie	E06B
chart-scatter	E48A
chart-spline	E60D
check	E06C
check-check	E38E
check-circle	E07C
check-circle-2	E226
check-line	E66B
check-square	E16A
check-square-2	E559
chef-hat	E2AC
cherry	E350
chess-bishop	E6A0
chess-king	E6A1
chess-knight	E6A2
chess-pawn	E6A3
chess-queen	E6A4
chess-rook	E6A5
chevron-down	E06D
chevron-down-circle	E4DD
chevron-down-square	E3CF
chevron-first	E243
chevron-last	E244
chevron-left	E06E
chevron-left-circle	E4DE
chevron-left-square	E3D0
chevron-right	E06F
chevron-right-circle	E4DF
chevron-right-square	E3D1
chevron-up	E070
chevron-up-circle	E4E0
chevron-up-square	E3D2
chevrons-down	E071
chevrons-down-up	E228
chevrons-left	E072
chevrons-left-right	E293
chevrons-left-right-ellipsis	E61F
chevrons-right	E073
chevrons-right-left	E294
chevrons-up	E074
chevrons-up-down	E211
chrome	E075
church	E3E1
cigarette	E2C6
cigarette-off	E2C7
circle	E076
circle-dashed	E4B0
circle-divide	E07D
circle-dollar-sign	E47D
circle-dot	E345
circle-dot-dashed	E4B1
circle-ellipsis	E346
circle-equal	E400
circle-fading-arrow-up	E618
circle-fading-plus	E5BC
circle-gauge	E4E1
circle-help	E082
circle-minus	E07E
circle-off	E401
circle-parking	E3C9
circle-parking-off	E3CA
circle-pause	E07F
circle-percent	E51A
circle-play	E080
circle-plus	E081
circle-pound-sterling	E66D
circle-power	E550
circle-slash	E402
circle-slash-2	E213
circle-small	E640
circle-star	E68D
circle-stop	E083
circle-user	E461
circle-user-round	E462
circle-x	E084
circuit-board	E403
citrus	E375
clapperboard	E29B
clipboard	E085
clipboard-check	E219
clipboard-clock	E688
clipboard-copy	E225
clipboard-edit	E307
clipboard-list	E086
clipboard-minus	E5BE
clipboard-paste	E3E8
clipboard-pen-line	E308
clipboard-plus	E5BF
clipboard-type	E309
clipboard-x	E222
clock-1	E24B
clock-10	E24C
clock-11	E24D
clock-12	E24E
clock-2	E24F
clock-3	E250
clock-4	E087
clock-4	E251
clock-5	E252
clock-6	E253
clock-7	E254
clock-8	E255
clock-9	E256
clock-alert	E62A
clock-arrow-down	E600
clock-arrow-up	E601
clock-check	E69E
clock-fading	E64A
clock-plus	E667
closed-caption	E68A
cloud	E088
cloud-alert	E633
cloud-check	E66E
cloud-cog	E30A
cloud-download	E089
cloud-drizzle	E08A
cloud-fog	E214
cloud-hail	E08B
cloud-lightning	E08C
cloud-moon	E215
cloud-moon-rain	E2FA
cloud-off	E08D
cloud-rain	E08E
cloud-rain-wind	E08F
cloud-snow	E090
cloud-sun	E216
cloud-sun-rain	E2FB
cloud-upload	E091
cloudy	E217
clover	E092
club	E496
code	E093
code-2	E206
code-square	E16B
codepen	E094
codesandbox	E095
coffee	E096
cog	E30B
coins	E097
columns-2	E098
columns-3	E099
columns-3-cog	E661
columns-4	E589
combine	E44C
command	E09A
compass	E09B
component	E2AD
computer	E4E4
concierge-bell	E378
cone	E523
construction	E3B4
contact	E09C
contact-2	E463
container	E4D5
contrast	E09D
cookie	E26B
cooking-pot	E584
copy	E09E
copy-check	E3FB
copy-minus	E3FC
copy-plus	E3FD
copy-slash	E3FE
copy-x	E3FF
copyleft	E09F
copyright	E0A0
corner-down-left	E0A1
corner-down-right	E0A2
corner-left-down	E0A3
corner-left-up	E0A4
corner-right-down	E0A5
corner-right-up	E0A6
corner-up-left	E0A7
corner-up-right	E0A8
cpu	E0A9
creative-commons	E3B2
credit-card	E0AA
croissant	E2AE
crop	E0AB
cross	E1E5
crosshair	E0AC
crown	E1D6
cuboid	E524
cup-soda	E2D1
currency	E230
cylinder	E525
dam	E606
database	E0AD
database-backup	E3AB
database-search	E6B1
database-zap	E50B
decimals-arrow-left	E65C
decimals-arrow-right	E65D
delete	E0AE
dessert	E4BB
diameter	E526
diamond	E2D2
diamond-minus	E5E1
diamond-percent	E51B
diamond-plus	E5E2
dice-1	E287
dice-2	E288
dice-3	E289
dice-4	E28A
dice-5	E28B
dice-6	E28C
dices	E2C5
diff	E30C
disc	E0AF
disc-2	E3F6
disc-3	E494
disc-album	E55C
divide	E0B0
divide-square	E16D
dna	E393
dna-off	E394
dock	E5D3
dog	E38D
dollar-sign	E0B1
donut	E4BC
door-closed	E3D5
door-closed-locked	E664
door-open	E3D6
dot	E44F
dot-square	E16E
download	E0B2
drafting-compass	E527
drama	E521
dribbble	E0B3
drill	E58D
drone	E676
droplet	E0B4
droplet-off	E638
droplets	E0B5
drum	E55D
drumstick	E25B
dumbbell	E3A1
ear	E382
ear-off	E383
earth	E1F3
earth-lock	E5CC
eclipse	E59D
edit	E172
edit-2	E12F
edit-3	E130
egg	E25D
egg-fried	E351
egg-off	E395
ellipsis	E0B6
ellipsis-vertical	E0B7
equal	E1BD
equal-approximately	E634
equal-not	E1BE
equal-square	E16F
eraser	E28F
ethernet-port	E620
euro	E0B8
ev-charger	E697
expand	E21A
external-link	E0B9
eye	E0BA
eye-closed	E62E
eye-off	E0BB
facebook	E0BC
factory	E29F
fan	E379
fast-forward	E0BD
feather	E0BE
fence	E582
ferris-wheel	E47F
figma	E0BF
file	E0C0
file-archive	E30D
file-audio-2	E31A
file-axis-3-d	E30E
file-badge-2	E30F
file-bar-chart	E312
file-bar-chart-2	E311
file-box	E310
file-braces	E36B
file-braces-corner	E36C
file-chart-line	E313
file-chart-pie	E314
file-check	E0C1
file-check-2	E0C2
file-clock	E315
file-code	E0C3
file-code-2	E45E
file-cog-2	E316
file-diff	E317
file-digit	E0C4
file-down	E318
file-edit	E31F
file-exclamation-point	E319
file-heart	E31B
file-image	E31C
file-input	E0C5
file-key-2	E31D
file-lock-2	E31E
file-minus	E0C6
file-minus-2	E0C7
file-music	E55E
file-output	E0C8
file-pen-line	E320
file-play	E321
file-plus	E0C9
file-plus-2	E0CA
file-question-mark	E322
file-scan	E323
file-search	E0CB
file-search-2	E324
file-signal	E325
file-sliders	E5A0
file-spreadsheet	E326
file-stack	E4A1
file-symlink	E327
file-terminal	E328
file-text	E0CC
file-type	E329
file-type-2	E36D
file-up	E32A
file-user	E62D
file-video-2	E32B
file-volume	E32C
file-x	E0CD
file-x-2	E0CE
files	E0CF
film	E0D0
filter	E0DC
filter-x	E3B5
fingerprint-pattern	E2CB
fire-extinguisher	E57E
fish	E3A6
fish-off	E3B0
fish-symbol	E4F4
flag	E0D1
flag-off	E292
flag-triangle-left	E237
flag-triangle-right	E238
flame	E0D2
flame-kindling	E53A
flashlight	E0D3
flashlight-off	E0D4
flask-conical	E0D5
flask-conical-off	E396
flask-round	E0D6
flip-horizontal	E35D
flip-horizontal-2	E35E
flip-vertical	E35F
flip-vertical-2	E360
flower	E2D3
flower-2	E2D4
focus	E29E
fold-horizontal	E43B
fold-vertical	E43C
folder	E0D7
folder-archive	E32D
folder-check	E32E
folder-clock	E32F
folder-closed	E330
folder-code	E5FB
folder-cog-2	E331
folder-dot	E4C5
folder-down	E332
folder-edit	E338
folder-git	E409
folder-git-2	E40A
folder-heart	E333
folder-input	E334
folder-kanban	E4C6
folder-key	E335
folder-lock	E336
folder-minus	E0D8
folder-open	E247
folder-open-dot	E4C7
folder-output	E337
folder-plus	E0D9
folder-root	E4C8
folder-search	E339
folder-search-2	E33A
folder-symlink	E33B
folder-sync	E4C9
folder-tree	E33C
folder-up	E33D
folder-x	E33E
folders	E33F
footprints	E3B9
fork-knife	E2F6
fork-knife-crossed	E2F7
forklift	E3C1
form	E6A8
form-input	E21F
forward	E229
frame	E291
framer	E0DA
frown	E0DB
fuel	E2AF
fullscreen	E534
function-square	E22D
funnel-plus	E0DD
gallery-horizontal	E4CE
gallery-horizontal-end	E4CF
gallery-thumbnails	E4D0
gallery-vertical	E4D1
gallery-vertical-end	E4D2
gamepad	E0DE
gamepad-2	E0DF
gamepad-directional	E69B
gantt-chart-square	E169
gauge	E1BF
gavel	E0E0
gem	E242
georgian-lari	E678
ghost	E20E
gift	E0E1
git-branch	E0E2
git-branch-minus	E69C
git-branch-plus	E1F4
git-commit-horizontal	E0E3
git-commit-vertical	E552
git-compare	E359
git-compare-arrows	E553
git-fork	E28D
git-graph	E554
git-merge	E0E4
git-pull-request	E0E5
git-pull-request-arrow	E555
git-pull-request-closed	E35A
git-pull-request-create	E556
git-pull-request-create-arrow	E557
git-pull-request-draft	E35B
github	E0E6
gitlab	E0E7
glass-water	E2D5
glasses	E20D
globe	E0E8
globe-lock	E5CD
goal	E4A5
gpu	E66A
grab	E1E6
graduation-cap	E234
grape	E352
grid-2-x-2	E4FF
grid-2-x-2-check	E5E4
grid-2-x-2-plus	E628
grid-2-x-2-x	E5E5
grid-3-x-3	E0E9
grid-3x2	E66F
grip	E3B1
grip-horizontal	E0EA
grip-vertical	E0EB
group	E464
guitar	E55F
ham	E5D7
hamburger	E665
hammer	E0EC
hand	E1D7
hand-coins	E5B8
hand-fist	E68B
hand-heart	E5B9
hand-helping	E3B8
hand-metal	E22C
hand-platter	E5BA
handbag	E689
handshake	E5C0
hard-drive	E0ED
hard-drive-download	E4E5
hard-drive-upload	E4E6
hard-hat	E0EE
hash	E0EF
hat-glasses	E683
haze	E0F0
hdmi-port	E4E7
heading	E384
heading-1	E385
heading-2	E386
heading-3	E387
heading-4	E388
heading-5	E389
heading-6	E38A
headphone-off	E629
headphones	E0F1
headset	E5BD
heart	E0F2
heart-crack	E2D6
heart-handshake	E2D7
heart-minus	E651
heart-off	E295
heart-plus	E652
heart-pulse	E36E
heater	E58E
helicopter	E69D
hexagon	E0F3
highlighter	E0F4
history	E1F5
home	E0F5
hop	E397
hop-off	E398
hospital	E5D8
hotel	E3E2
hourglass	E296
house-heart	E695
house-plug	E5F0
house-plus	E5F1
house-wifi	E63C
ice-cream-2	E3A7
ice-cream-cone	E353
id-card	E617
id-card-lanyard	E670
image	E0F6
image-down	E53C
image-minus	E1F6
image-off	E1C0
image-play	E5DF
image-plus	E1F7
image-up	E5CB
image-upscale	E637
images	E5C4
import	E22F
inbox	E0F7
indent-decrease	E107
indent-increase	E108
indian-rupee	E0F8
infinity	E1E7
info	E0F9
inspect	E202
inspection-panel	E583
instagram	E0FA
italic	E0FB
iteration-ccw	E423
iteration-cw	E424
japanese-yen	E0FC
joystick	E355
kanban	E4DC
kanban-square	E170
kanban-square-dashed	E16C
kayak	E68F
key	E0FD
key-round	E4A3
key-square	E4A4
keyboard	E284
keyboard-music	E560
keyboard-off	E5DE
lamp	E2D8
lamp-ceiling	E2D9
lamp-desk	E2DA
lamp-floor	E2DB
lamp-wall-down	E2DC
lamp-wall-up	E2DD
land-plot	E528
landmark	E23A
languages	E0FE
laptop	E1CD
laptop-2	E1D8
laptop-minimal-check	E632
lasso	E1CE
lasso-select	E1CF
laugh	E300
layers-2	E52A
layers-3	E529
layout	E12C
layout-dashboard	E1C1
layout-grid	E0FF
layout-list	E1D9
layout-panel-left	E470
layout-panel-top	E471
layout-template	E207
leaf	E2DE
leafy-green	E46F
lectern	E5E9
letter-text	E605
library	E100
library-big	E54E
library-square	E54F
life-buoy	E101
ligature	E43A
lightbulb	E1C2
lightbulb-off	E208
line-squiggle	E67A
link	E102
link-2	E103
link-2-off	E104
linkedin	E105
list	E106
list-check	E5FA
list-checks	E1D0
list-chevrons-down-up	E694
list-chevrons-up-down	E696
list-collapse	E59B
list-end	E2DF
list-filter	E460
list-filter-plus	E639
list-minus	E23E
list-music	E2E0
list-ordered	E1D1
list-plus	E23F
list-restart	E452
list-start	E2E1
list-todo	E4C3
list-tree	E408
list-video	E2E2
list-x	E240
loader	E109
loader-2	E10A
loader-pinwheel	E5E6
locate	E1DA
locate-fixed	E1DB
locate-off	E282
location-edit	E655
lock	E10B
lock-keyhole	E531
lock-keyhole-open	E532
lock-open	E10C
log-in	E10D
log-out	E10E
logs	E5F4
lollipop	E4BD
luggage	E2CA
m-square	E503
magnet	E2B5
mail	E10F
mail-check	E361
mail-minus	E362
mail-open	E363
mail-plus	E364
mail-question-mark	E365
mail-search	E366
mail-warning	E367
mail-x	E368
mailbox	E3D4
mails	E369
map	E110
map-minus	E686
map-pin	E111
map-pin-check	E60F
map-pin-check-inside	E610
map-pin-house	E61C
map-pin-minus	E611
map-pin-minus-inside	E612
map-pin-off	E2A6
map-pin-plus	E613
map-pin-plus-inside	E614
map-pin-x	E615
map-pin-x-inside	E616
map-pinned	E53D
map-plus	E63F
mars	E641
mars-stroke	E642
martini	E2E3
maximize	E112
maximize-2	E113
medal	E36F
megaphone	E235
megaphone-off	E370
meh	E114
memory-stick	E445
menu	E115
menu-square	E453
merge	E43F
message-circle	E116
message-circle-code	E562
message-circle-dashed	E563
message-circle-heart	E564
message-circle-more	E565
message-circle-off	E566
message-circle-plus	E567
message-circle-question-mark	E568
message-circle-reply	E569
message-circle-warning	E56A
message-circle-x	E56B
message-square	E117
message-square-code	E56C
message-square-dashed	E40B
message-square-diff	E56D
message-square-dot	E56E
message-square-heart	E56F
message-square-lock	E62C
message-square-more	E570
message-square-off	E571
message-square-plus	E40C
message-square-quote	E572
message-square-reply	E573
message-square-share	E574
message-square-text	E575
message-square-warning	E576
message-square-x	E577
messages-square	E40D
mic	E118
mic-2	E349
mic-off	E119
microchip	E61A
microscope	E2E4
microwave	E37A
milestone	E298
milk	E399
milk-off	E39A
minimize	E11A
minimize-2	E11B
minus	E11C
minus-square	E171
monitor	E11D
monitor-check	E482
monitor-cloud	E699
monitor-cog	E603
monitor-dot	E483
monitor-down	E421
monitor-off	E1DC
monitor-pause	E484
monitor-play	E485
monitor-smartphone	E3A2
monitor-speaker	E210
monitor-stop	E486
monitor-up	E422
monitor-x	E487
moon	E11E
moon-star	E410
motorbike	E698
mountain	E231
mountain-snow	E232
mouse	E28E
mouse-off	E5DB
mouse-pointer	E11F
mouse-pointer-2	E1C3
mouse-pointer-2-off	E6A6
mouse-pointer-ban	E5E7
mouse-pointer-click	E120
mouse-pointer-square-dashed	E509
move	E121
move-3-d	E2E5
move-diagonal	E1C4
move-diagonal-2	E1C5
move-down	E48C
move-down-left	E48D
move-down-right	E48E
move-horizontal	E1C6
move-left	E48F
move-right	E490
move-up	E491
move-up-left	E492
move-up-right	E493
move-vertical	E1C7
music	E122
music-2	E34A
music-3	E34B
music-4	E34C
navigation	E123
navigation-2	E124
navigation-2-off	E2A7
navigation-off	E2A8
network	E125
newspaper	E348
nfc	E3C3
non-binary	E643
notebook	E595
notebook-pen	E596
notebook-tabs	E597
notebook-text	E598
notepad-text	E599
notepad-text-dashed	E59A
nut	E39B
nut-off	E39C
octagon	E126
octagon-minus	E627
octagon-pause	E21B
octagon-x	E128
omega	E619
option	E1F8
orbit	E3E7
origami	E5E3
package	E129
package-2	E340
package-check	E266
package-minus	E267
package-open	E2CC
package-plus	E268
package-search	E269
package-x	E26A
paint-bucket	E2E6
paint-roller	E59E
paintbrush	E2E7
paintbrush-2	E2E8
palette	E1DD
palmtree	E281
panda	E668
panel-bottom	E42C
panel-bottom-close	E42D
panel-bottom-dashed	E42E
panel-bottom-open	E42F
panel-left	E12A
panel-left-close	E21C
panel-left-dashed	E430
panel-left-open	E21D
panel-left-right-dashed	E692
panel-right	E431
panel-right-close	E432
panel-right-dashed	E433
panel-right-open	E434
panel-top	E435
panel-top-bottom-dashed	E693
panel-top-close	E436
panel-top-dashed	E437
panel-top-open	E438
panels-left-bottom	E12B
panels-right-bottom	E588
panels-top-bottom	E58A
paperclip	E12D
parentheses	E444
parking-meter	E500
parking-square	E3CB
parking-square-off	E3CC
party-popper	E343
pause	E12E
paw-print	E4F5
pc-case	E446
pen-off	E5EE
pen-tool	E131
pencil	E1F9
pencil-line	E4F0
pencil-off	E5EF
pencil-ruler	E4F1
pentagon	E52B
percent	E132
percent-square	E51C
person-standing	E21E
philippine-peso	E604
phone	E133
phone-call	E134
phone-forwarded	E135
phone-incoming	E136
phone-missed	E137
phone-off	E138
phone-outgoing	E139
pi	E472
pi-square	E488
piano	E561
pickaxe	E5C6
picture-in-picture	E3AE
picture-in-picture-2	E3AF
piggy-bank	E13A
pilcrow	E3A3
pilcrow-left	E5DC
pilcrow-right	E5DD
pilcrow-square	E48B
pill	E3BD
pill-bottle	E5EA
pin	E259
pin-off	E2B6
pipette	E13B
pizza	E354
plane	E1DE
plane-landing	E3CD
plane-takeoff	E3CE
play	E13C
play-square	E481
plug	E37F
plug-2	E380
plug-zap-2	E45C
plus	E13D
plus-square	E173
pocket	E13E
pocket-knife	E4A0
podcast	E1FA
pointer	E1E8
pointer-off	E57F
popcorn	E4BE
popsicle	E4BF
pound-sterling	E13F
power	E140
power-off	E209
power-square	E551
presentation	E4AE
printer	E141
printer-check	E5F5
projector	E4AF
proportions	E5CF
puzzle	E29C
pyramid	E52C
qr-code	E1DF
quote	E239
rabbit	E4F6
radar	E497
radiation	E442
radical	E5C2
radio	E142
radio-receiver	E1FB
radio-tower	E404
radius	E52D
rail-symbol	E501
rainbow	E4C2
rat	E3EB
ratio	E4E8
receipt	E3D3
receipt-cent	E5A5
receipt-euro	E5A6
receipt-indian-rupee	E5A7
receipt-japanese-yen	E5A8
receipt-pound-sterling	E5A9
receipt-russian-ruble	E5AA
receipt-swiss-franc	E5AB
receipt-text	E5AC
receipt-turkish-lira	E67F
rectangle-circle	E673
rectangle-goggles	E656
rectangle-horizontal	E376
rectangle-vertical	E377
recycle	E2E9
redo	E143
redo-2	E2A0
redo-dot	E450
refresh-ccw	E144
refresh-ccw-dot	E4B2
refresh-cw	E145
refresh-cw-off	E498
refrigerator	E37B
regex	E1FC
remove-formatting	E3B3
repeat	E146
repeat-1	E1FD
repeat-2	E411
replace	E3DB
replace-all	E3DC
reply	E22A
reply-all	E22B
rewind	E147
ribbon	E558
rocket	E286
rocking-chair	E233
roller-coaster	E480
rose	E691
rotate-3-d	E2EA
rotate-ccw	E148
rotate-ccw-key	E650
rotate-ccw-square	E5D0
rotate-cw	E149
rotate-cw-square	E5D1
route	E53E
route-off	E53F
router	E3BF
rows-2	E439
rows-4	E58B
rss	E14A
ruler	E14B
ruler-dimension-line	E662
russian-ruble	E14C
sailboat	E37E
salad	E3A8
sandwich	E3A9
satellite	E447
satellite-dish	E448
saudi-riyal	E64B
save	E14D
save-all	E40F
save-off	E5F3
scale	E212
scale-3-d	E2EB
scaling	E2EC
scan	E257
scan-barcode	E535
scan-eye	E536
scan-face	E371
scan-heart	E63A
scan-line	E258
scan-qr-code	E5F6
scan-search	E537
scan-text	E538
school	E3E3
school-2	E3E5
scissors	E14E
scissors-line-dashed	E4E9
scissors-square	E4EC
scissors-square-dashed-bottom	E4EB
scooter	E6AC
screen-share	E14F
screen-share-off	E150
scroll	E2ED
scroll-text	E45F
search	E151
search-check	E4AA
search-code	E4AB
search-slash	E4AC
search-x	E4AD
section	E5E8
send	E152
send-horizonal	E4F2
send-to-back	E4F3
separator-horizontal	E1C8
separator-vertical	E1C9
server	E153
server-cog	E341
server-crash	E1E9
server-off	E1EA
settings	E154
settings-2	E245
shapes	E4B3
share	E155
share-2	E156
sheet	E157
shell	E4F7
shield	E158
shield-alert	E1FE
shield-ban	E159
shield-check	E1FF
shield-close	E200
shield-ellipsis	E516
shield-half	E517
shield-minus	E518
shield-off	E15A
shield-plus	E519
shield-question-mark	E40E
shield-user	E647
ship	E3BA
ship-wheel	E502
shirt	E1CA
shopping-bag	E15B
shopping-basket	E4EA
shopping-cart	E15C
shovel	E15D
shower-head	E37C
shredder	E65B
shrimp	E649
shrink	E220
shrub	E2EE
shuffle	E15E
sigma	E201
sigma-square	E489
signal	E25F
signal-high	E260
signal-low	E261
signal-medium	E262
signal-zero	E263
signature	E5F2
signpost	E540
signpost-big	E541
siren	E2EF
skip-back	E15F
skip-forward	E160
skull	E221
slack	E161
slash	E51D
slash-square	E174
slice	E2F0
sliders-horizontal	E29A
sliders-vertical	E162
smartphone	E163
smartphone-charging	E22E
smartphone-nfc	E3C4
smile	E164
smile-plus	E301
snail	E4F8
snowflake	E165
soap-dispenser-droplet	E669
sofa	E2C4
solar-panel	E69F
soup	E3AA
space	E3DD
spade	E499
sparkle	E47E
sparkles	E412
speaker	E166
speech	E51E
spell-check	E49A
spell-check-2	E49B
spline	E38B
spline-pointer	E64F
split	E440
split-square-horizontal	E3B6
split-square-vertical	E3B7
spool	E677
spotlight	E682
spray-can	E495
sprout	E1EB
square	E167
square-dashed-bottom	E4C0
square-dashed-bottom-code	E4C1
square-dashed-top-solid	E66C
square-pause	E684
square-radical	E5C3
square-round-corner	E648
square-square	E60E
square-stack	E4A2
square-star	E68E
square-stop	E685
square-terminal	E20A
square-user	E465
square-user-round	E466
square-x	E175
squares-exclude	E657
squares-intersect	E658
squares-subtract	E659
squares-unite	E65A
squircle	E57A
squircle-dashed	E679
squirrel	E49F
stamp	E3BB
star	E176
star-half	E20B
star-off	E2B0
step-back	E3E9
step-forward	E3EA
stethoscope	E2F1
sticker	E302
sticky-note	E303
store	E3E4
stretch-horizontal	E27C
stretch-vertical	E27D
strikethrough	E177
subscript	E25C
sun	E178
sun-dim	E299
sun-medium	E2B1
sun-moon	E2B2
sun-snow	E372
sunrise	E179
sunset	E17A
superscript	E25E
swatch-book	E59F
swiss-franc	E17B
switch-camera	E17C
sword	E2B3
swords	E2B4
syringe	E2F2
table	E17D
table-2	E2F9
table-cells-merge	E5C7
table-cells-split	E5C8
table-columns-split	E5C9
table-of-contents	E61E
table-properties	E4DB
table-rows-split	E5CA
tablet	E17E
tablet-smartphone	E50A
tablets	E3BE
tag	E17F
tags	E35C
tally-1	E4D6
tally-2	E4D7
tally-3	E4D8
tally-4	E4D9
tally-5	E4DA
tangent	E52E
target	E180
telescope	E5C5
tent	E227
tent-tree	E53B
terminal	E181
test-tube	E405
test-tube-2	E406
test-tubes	E407
text-cursor	E264
text-cursor-input	E265
text-quote	E49E
text-search	E5AD
text-select	E3DE
text-wrap	E248
theater	E522
thermometer	E186
thermometer-snowflake	E187
thermometer-sun	E188
thumbs-down	E189
thumbs-up	E18A
ticket	E20F
ticket-check	E5AE
ticket-minus	E5AF
ticket-percent	E5B0
ticket-plus	E5B1
ticket-slash	E5B2
ticket-x	E5B3
tickets	E622
tickets-plane	E623
timer	E1E0
timer-off	E249
timer-reset	E236
toggle-left	E18B
toggle-right	E18C
toilet	E635
tool-case	E67D
toolbox	E6B0
tornado	E218
torus	E52F
touchpad	E449
touchpad-off	E44A
tower-control	E3BC
toy-brick	E347
tractor	E504
traffic-cone	E505
train	E2A9
train-front	E506
train-front-tunnel	E507
train-track	E508
transgender	E644
trash	E18D
trash-2	E18E
tree-deciduous	E2F3
tree-pine	E2F4
trees	E2F5
trello	E18F
trending-down	E190
trending-up	E191
trending-up-down	E625
triangle	E192
triangle-dashed	E63D
triangle-right	E4ED
trophy	E373
truck	E194
truck-electric	E65F
turkish-lira	E680
turntable	E68C
turtle	E4F9
tv	E195
tv-2	E203
tv-minimal-play	E5EC
twitch	E196
twitter	E197
type	E198
type-outline	E602
umbrella	E199
umbrella-off	E543
underline	E19A
undo	E19B
undo-2	E2A1
undo-dot	E451
unfold-horizontal	E43D
unfold-vertical	E43E
ungroup	E467
unlink	E19C
unlink-2	E19D
unplug	E45D
upload	E19E
usb	E356
user	E19F
user-2	E468
user-check	E1A0
user-check-2	E469
user-cog	E342
user-cog-2	E46A
user-lock	E660
user-minus	E1A1
user-minus-2	E46B
user-pen	E5FC
user-plus	E1A2
user-plus-2	E46C
user-round-pen	E5FD
user-round-search	E578
user-round-x	E46D
user-search	E579
user-star	E687
user-x	E1A3
users	E1A4
users-2	E46E
utility-pole	E3C2
van	E6AD
variable	E473
vault	E58F
vector-square	E67C
vegan	E39D
venetian-mask	E2AA
venus	E645
venus-and-mars	E646
vibrate	E223
vibrate-off	E29D
video	E1A5
video-off	E1A6
videotape	E4CB
view	E1A7
voicemail	E1A8
volleyball	E62F
volume	E1A9
volume-1	E1AA
volume-2	E1AB
volume-off	E626
volume-x	E1AC
vote	E3AD
wallet	E204
wallet-2	E4CD
wallet-cards	E4CC
wallpaper	E44B
wand	E246
wand-2	E357
warehouse	E3E6
washing-machine	E590
watch	E1AD
waves	E283
waves-arrow-down	E6A9
waves-arrow-up	E6AA
waves-ladder	E63B
waypoints	E542
webcam	E205
webhook	E374
webhook-off	E5B7
weight	E530
weight-tilde	E6AE
wheat	E39E
wheat-off	E39F
whole-word	E3DF
wifi	E1AE
wifi-cog	E674
wifi-high	E5F7
wifi-low	E5F8
wifi-off	E1AF
wifi-pen	E663
wifi-sync	E681
wifi-zero	E5F9
wind	E1B0
wind-arrow-down	E631
wine	E2F8
wine-off	E3A0
workflow	E425
worm	E5DA
wrench	E1B1
x	E1B2
youtube	E1B3
zap	E1B4
zap-off	E1B5
zoom-in	E1B6
zoom-out	E1B7
